[{ "values": 17.34, "year": 2012, "Afghanistan": "Afghanistan", "AFG": "AFG" }, { "values": 2703.41, "year": 2012, "Afghanistan": "Africa", "AFG": "" }, { "values": 6.59, "year": 2012, "Afghanistan": "Albania", "AFG": "ALB" }, { "values": 58.36, "year": 2012, "Afghanistan": "Algeria", "AFG": "DZA" }, { "values": 0, "year": 2012, "Afghanistan": "Andorra", "AFG": "AND" }, { "values": 6.6, "year": 2012, "Afghanistan": "Angola", "AFG": "AGO" }, { "values": 0.11, "year": 2012, "Afghanistan": "Antigua and Barbuda", "AFG": "ATG" }, { "values": 3393.11, "year": 2012, "Afghanistan": "Arabian Peninsula", "AFG": "" }, { "values": 855.29, "year": 2012, "Afghanistan": "Argentina", "AFG": "ARG" }, { "values": 5.67, "year": 2012, "Afghanistan": "Armenia", "AFG": "ARM" }, { "values": 29124.45, "year": 2012, "Afghanistan": "Asia + Pacific", "AFG": "" }, { "values": -33.51, "year": 2012, "Afghanistan": "Australia", "AFG": "AUS" }, { "values": -28.04, "year": 2012, "Afghanistan": "Australia + New Zealand", "AFG": "" }, { "values": 3.52, "year": 2012, "Afghanistan": "Azerbaijan", "AFG": "AZE" }, { "values": 2.73, "year": 2012, "Afghanistan": "Bahamas", "AFG": "BHS" }, { "values": 75.59, "year": 2012, "Afghanistan": "Bahrain", "AFG": "BHR" }, { "values": 66.47, "year": 2012, "Afghanistan": "Bangladesh", "AFG": "BGD" }, { "values": 2.66, "year": 2012, "Afghanistan": "Barbados", "AFG": "BRB" }, { "values": 8.05, "year": 2012, "Afghanistan": "Belarus", "AFG": "BLR" }, { "values": 2.58, "year": 2012, "Afghanistan": "Belize", "AFG": "BLZ" }, { "values": 23.3, "year": 2012, "Afghanistan": "Benin", "AFG": "BEN" }, { "values": 0.31, "year": 2012, "Afghanistan": "Bhutan", "AFG": "BTN" }, { "values": 6.79, "year": 2012, "Afghanistan": "Bolivia", "AFG": "BOL" }, { "values": 4.06, "year": 2012, "Afghanistan": "Bosnia and Herzegovina", "AFG": "BIH" }, { "values": 10.84, "year": 2012, "Afghanistan": "Botswana", "AFG": "BWA" }, { "values": 1387.87, "year": 2012, "Afghanistan": "Brazil", "AFG": "BRA" }, { "values": 5.9, "year": 2012, "Afghanistan": "Brunei", "AFG": "BRN" }, { "values": 26.59, "year": 2012, "Afghanistan": "Burkina Faso", "AFG": "BFA" }, { "values": 6.99, "year": 2012, "Afghanistan": "Burundi", "AFG": "BDI" }, { "values": 10.12, "year": 2012, "Afghanistan": "Cambodia", "AFG": "KHM" }, { "values": 62.78, "year": 2012, "Afghanistan": "Cameroon", "AFG": "CMR" }, { "values": 61.83, "year": 2012, "Afghanistan": "Canada", "AFG": "CAN" }, { "values": 0.23, "year": 2012, "Afghanistan": "Cape Verde", "AFG": "CPV" }, { "values": 164.7, "year": 2012, "Afghanistan": "Caribbean", "AFG": "" }, { "values": 184.6, "year": 2012, "Afghanistan": "Central Africa", "AFG": "" }, { "values": 11.83, "year": 2012, "Afghanistan": "Central African Republic", "AFG": "CAF" }, { "values": 37.47, "year": 2012, "Afghanistan": "Central Asia", "AFG": "" }, { "values": 16.5, "year": 2012, "Afghanistan": "Chad", "AFG": "TCD" }, { "values": 272.38, "year": 2012, "Afghanistan": "Chile", "AFG": "CHL" }, { "values": 21521.55, "year": 2012, "Afghanistan": "China", "AFG": "CHN" }, { "values": 285.5, "year": 2012, "Afghanistan": "Colombia", "AFG": "COL" }, { "values": 0.11, "year": 2012, "Afghanistan": "Comoros", "AFG": "COM" }, { "values": 9.87, "year": 2012, "Afghanistan": "Congo", "AFG": "COG" }, { "values": 0.04, "year": 2012, "Afghanistan": "Cook Islands", "AFG": "COK" }, { "values": 106.3, "year": 2012, "Afghanistan": "Costa Rica", "AFG": "CRI" }, { "values": 56.65, "year": 2012, "Afghanistan": "Cote d'Ivoire", "AFG": "CIV" }, { "values": 3.63, "year": 2012, "Afghanistan": "Croatia", "AFG": "HRV" }, { "values": 15.2, "year": 2012, "Afghanistan": "Cuba", "AFG": "CUB" }, { "values": 47.85, "year": 2012, "Afghanistan": "Democratic Republic of Congo", "AFG": "COD" }, { "values": 0.64, "year": 2012, "Afghanistan": "Djibouti", "AFG": "DJI" }, { "values": 0.01, "year": 2012, "Afghanistan": "Dominica", "AFG": "DMA" }, { "values": 40.87, "year": 2012, "Afghanistan": "Dominican Republic", "AFG": "DOM" }, { "values": 83.13, "year": 2012, "Afghanistan": "Eastern Africa", "AFG": "" }, { "values": 1074, "year": 2012, "Afghanistan": "Eastern Europe", "AFG": "" }, { "values": 33.76, "year": 2012, "Afghanistan": "Ecuador", "AFG": "ECU" }, { "values": 630.18, "year": 2012, "Afghanistan": "Egypt", "AFG": "EGY" }, { "values": 9.32, "year": 2012, "Afghanistan": "El Salvador", "AFG": "SLV" }, { "values": 5.39, "year": 2012, "Afghanistan": "Equatorial Guinea", "AFG": "GNQ" }, { "values": 1.01, "year": 2012, "Afghanistan": "Eritrea", "AFG": "ERI" }, { "values": 3.74, "year": 2012, "Afghanistan": "Eswatini", "AFG": "SWZ" }, { "values": 10.8, "year": 2012, "Afghanistan": "Ethiopia", "AFG": "ETH" }, { "values": 14.47, "year": 2012, "Afghanistan": "Fiji", "AFG": "FJI" }, { "values": 30.25, "year": 2012, "Afghanistan": "Gabon", "AFG": "GAB" }, { "values": 1.91, "year": 2012, "Afghanistan": "Gambia", "AFG": "GMB" }, { "values": 2.66, "year": 2012, "Afghanistan": "Georgia", "AFG": "GEO" }, { "values": 27.19, "year": 2012, "Afghanistan": "Ghana", "AFG": "GHA" }, { "values": 0.26, "year": 2012, "Afghanistan": "Grenada", "AFG": "GRD" }, { "values": 148.48, "year": 2012, "Afghanistan": "Guatemala", "AFG": "GTM" }, { "values": 22.2, "year": 2012, "Afghanistan": "Guinea", "AFG": "GIN" }, { "values": 2.7, "year": 2012, "Afghanistan": "Guinea-Bissau", "AFG": "GNB" }, { "values": 1.36, "year": 2012, "Afghanistan": "Guyana", "AFG": "GUY" }, { "values": 5.15, "year": 2012, "Afghanistan": "Haiti", "AFG": "HTI" }, { "values": 80.91, "year": 2012, "Afghanistan": "Honduras", "AFG": "HND" }, { "values": 0, "year": 2012, "Afghanistan": "Iceland", "AFG": "ISL" }, { "values": 1638.45, "year": 2012, "Afghanistan": "India", "AFG": "IND" }, { "values": 329.38, "year": 2012, "Afghanistan": "Indonesia", "AFG": "IDN" }, { "values": 376.81, "year": 2012, "Afghanistan": "Iran", "AFG": "IRN" }, { "values": 112.2, "year": 2012, "Afghanistan": "Iraq", "AFG": "IRQ" }, { "values": 731.49, "year": 2012, "Afghanistan": "Israel", "AFG": "ISR" }, { "values": 7.4, "year": 2012, "Afghanistan": "Jamaica", "AFG": "JAM" }, { "values": 80.84, "year": 2012, "Afghanistan": "Japan", "AFG": "JPN" }, { "values": 143.15, "year": 2012, "Afghanistan": "Jordan", "AFG": "JOR" }, { "values": 21.36, "year": 2012, "Afghanistan": "Kazakhstan", "AFG": "KAZ" }, { "values": 42.35, "year": 2012, "Afghanistan": "Kenya", "AFG": "KEN" }, { "values": 0.03, "year": 2012, "Afghanistan": "Kiribati", "AFG": "KIR" }, { "values": 420.15, "year": 2012, "Afghanistan": "Kuwait", "AFG": "KWT" }, { "values": 2.91, "year": 2012, "Afghanistan": "Kyrgyzstan", "AFG": "KGZ" }, { "values": 2.75, "year": 2012, "Afghanistan": "Laos", "AFG": "LAO" }, { "values": 5166.47, "year": 2012, "Afghanistan": "Latin America + Caribbean", "AFG": "" }, { "values": 94.67, "year": 2012, "Afghanistan": "Lebanon", "AFG": "LBN" }, { "values": 2.24, "year": 2012, "Afghanistan": "Lesotho", "AFG": "LSO" }, { "values": 4.82, "year": 2012, "Afghanistan": "Liberia", "AFG": "LBR" }, { "values": 144.1, "year": 2012, "Afghanistan": "Libya", "AFG": "LBY" }, { "values": 0, "year": 2012, "Afghanistan": "Liechtenstein", "AFG": "LIE" }, { "values": 15.95, "year": 2012, "Afghanistan": "Madagascar", "AFG": "MDG" }, { "values": 12.54, "year": 2012, "Afghanistan": "Malawi", "AFG": "MWI" }, { "values": 737.6, "year": 2012, "Afghanistan": "Malaysia", "AFG": "MYS" }, { "values": 3.69, "year": 2012, "Afghanistan": "Maldives", "AFG": "MDV" }, { "values": 16.61, "year": 2012, "Afghanistan": "Mali", "AFG": "MLI" }, { "values": 0.21, "year": 2012, "Afghanistan": "Marshall Islands", "AFG": "MHL" }, { "values": 433.2, "year": 2012, "Afghanistan": "Mashriq", "AFG": "" }, { "values": 20.35, "year": 2012, "Afghanistan": "Mauritania", "AFG": "MRT" }, { "values": 7.14, "year": 2012, "Afghanistan": "Mauritius", "AFG": "MUS" }, { "values": 1820.81, "year": 2012, "Afghanistan": "Meso America", "AFG": "" }, { "values": 1428.58, "year": 2012, "Afghanistan": "Mexico", "AFG": "MEX" }, { "values": 0.06, "year": 2012, "Afghanistan": "Micronesia (country)", "AFG": "FSM" }, { "values": 1.88, "year": 2012, "Afghanistan": "Moldova", "AFG": "MDA" }, { "values": 0.01, "year": 2012, "Afghanistan": "Monaco", "AFG": "MCO" }, { "values": 2.87, "year": 2012, "Afghanistan": "Mongolia", "AFG": "MNG" }, { "values": 0.94, "year": 2012, "Afghanistan": "Montenegro", "AFG": "MNE" }, { "values": 90.84, "year": 2012, "Afghanistan": "Morocco", "AFG": "MAR" }, { "values": 8.17, "year": 2012, "Afghanistan": "Mozambique", "AFG": "MOZ" }, { "values": 9.66, "year": 2012, "Afghanistan": "Myanmar", "AFG": "MMR" }, { "values": 4.76, "year": 2012, "Afghanistan": "Namibia", "AFG": "NAM" }, { "values": 0.01, "year": 2012, "Afghanistan": "Nauru", "AFG": "NRU" }, { "values": 0.74, "year": 2012, "Afghanistan": "Nepal", "AFG": "NPL" }, { "values": 5.47, "year": 2012, "Afghanistan": "New Zealand", "AFG": "NZL" }, { "values": 11.87, "year": 2012, "Afghanistan": "Nicaragua", "AFG": "NIC" }, { "values": 15.33, "year": 2012, "Afghanistan": "Niger", "AFG": "NER" }, { "values": 453.4, "year": 2012, "Afghanistan": "Nigeria", "AFG": "NGA" }, { "values": 0, "year": 2012, "Afghanistan": "Niue", "AFG": "NIU" }, { "values": -5.97, "year": 2012, "Afghanistan": "North America", "AFG": "" }, { "values": 23782.39, "year": 2012, "Afghanistan": "North East Asia", "AFG": "" }, { "values": 88.96, "year": 2012, "Afghanistan": "North Korea", "AFG": "PRK" }, { "values": 0.74, "year": 2012, "Afghanistan": "North Macedonia", "AFG": "MKD" }, { "values": 1022.88, "year": 2012, "Afghanistan": "Northern Africa", "AFG": "" }, { "values": 0, "year": 2012, "Afghanistan": "Norway", "AFG": "NOR" }, { "values": 54.95, "year": 2012, "Afghanistan": "Oman", "AFG": "OMN" }, { "values": 326.23, "year": 2012, "Afghanistan": "Pakistan", "AFG": "PAK" }, { "values": 0.17, "year": 2012, "Afghanistan": "Palau", "AFG": "PLW" }, { "values": 32.77, "year": 2012, "Afghanistan": "Panama", "AFG": "PAN" }, { "values": 3.06, "year": 2012, "Afghanistan": "Papua New Guinea", "AFG": "PNG" }, { "values": 29.33, "year": 2012, "Afghanistan": "Paraguay", "AFG": "PRY" }, { "values": 26.98, "year": 2012, "Afghanistan": "Peru", "AFG": "PER" }, { "values": 195.65, "year": 2012, "Afghanistan": "Philippines", "AFG": "PHL" }, { "values": 93.57, "year": 2012, "Afghanistan": "Qatar", "AFG": "QAT" }, { "values": 958.93, "year": 2012, "Afghanistan": "Russia", "AFG": "RUS" }, { "values": 3.66, "year": 2012, "Afghanistan": "Rwanda", "AFG": "RWA" }, { "values": 0.38, "year": 2012, "Afghanistan": "Saint Kitts and Nevis", "AFG": "KNA" }, { "values": 0.75, "year": 2012, "Afghanistan": "Saint Lucia", "AFG": "LCA" }, { "values": 0.28, "year": 2012, "Afghanistan": "Saint Vincent and the Grenadines", "AFG": "VCT" }, { "values": 0.13, "year": 2012, "Afghanistan": "Samoa", "AFG": "WSM" }, { "values": 0, "year": 2012, "Afghanistan": "San Marino", "AFG": "SMR" }, { "values": 0.13, "year": 2012, "Afghanistan": "Sao Tome and Principe", "AFG": "STP" }, { "values": 1943.29, "year": 2012, "Afghanistan": "Saudi Arabia", "AFG": "SAU" }, { "values": 36.14, "year": 2012, "Afghanistan": "Senegal", "AFG": "SEN" }, { "values": 10.95, "year": 2012, "Afghanistan": "Serbia", "AFG": "SRB" }, { "values": 1.01, "year": 2012, "Afghanistan": "Seychelles", "AFG": "SYC" }, { "values": 2.59, "year": 2012, "Afghanistan": "Sierra Leone", "AFG": "SLE" }, { "values": 169.27, "year": 2012, "Afghanistan": "Singapore", "AFG": "SGP" }, { "values": 1.62, "year": 2012, "Afghanistan": "Solomon Islands", "AFG": "SLB" }, { "values": 17.63, "year": 2012, "Afghanistan": "Somalia", "AFG": "SOM" }, { "values": 575.44, "year": 2012, "Afghanistan": "South Africa", "AFG": "ZAF" }, { "values": 3180.96, "year": 2012, "Afghanistan": "South America", "AFG": "" }, { "values": 2448.06, "year": 2012, "Afghanistan": "South Asia", "AFG": "" }, { "values": 2902.11, "year": 2012, "Afghanistan": "South East Asia", "AFG": "" }, { "values": 2088.17, "year": 2012, "Afghanistan": "South Korea", "AFG": "KOR" }, { "values": 19.93, "year": 2012, "Afghanistan": "South Pacific", "AFG": "" }, { "values": 658.78, "year": 2012, "Afghanistan": "Southern Africa", "AFG": "" }, { "values": 18.02, "year": 2012, "Afghanistan": "Sri Lanka", "AFG": "LKA" }, { "values": 60.11, "year": 2012, "Afghanistan": "Sudan", "AFG": "SDN" }, { "values": 1.51, "year": 2012, "Afghanistan": "Suriname", "AFG": "SUR" }, { "values": 0.9, "year": 2012, "Afghanistan": "Switzerland", "AFG": "CHE" }, { "values": 83.18, "year": 2012, "Afghanistan": "Syria", "AFG": "SYR" }, { "values": 3.03, "year": 2012, "Afghanistan": "Tajikistan", "AFG": "TJK" }, { "values": 9.45, "year": 2012, "Afghanistan": "Tanzania", "AFG": "TZA" }, { "values": 1171.64, "year": 2012, "Afghanistan": "Thailand", "AFG": "THA" }, { "values": 0.21, "year": 2012, "Afghanistan": "Timor", "AFG": "TLS" }, { "values": 19.8, "year": 2012, "Afghanistan": "Togo", "AFG": "TGO" }, { "values": 0.05, "year": 2012, "Afghanistan": "Tonga", "AFG": "TON" }, { "values": 88.9, "year": 2012, "Afghanistan": "Trinidad and Tobago", "AFG": "TTO" }, { "values": 39.29, "year": 2012, "Afghanistan": "Tunisia", "AFG": "TUN" }, { "values": 318.18, "year": 2012, "Afghanistan": "Turkey", "AFG": "TUR" }, { "values": 7.73, "year": 2012, "Afghanistan": "Turkmenistan", "AFG": "TKM" }, { "values": 0.02, "year": 2012, "Afghanistan": "Tuvalu", "AFG": "TUV" }, { "values": 0.05, "year": 2012, "Afghanistan": "Uganda", "AFG": "UGA" }, { "values": 93.29, "year": 2012, "Afghanistan": "Ukraine", "AFG": "UKR" }, { "values": 692.62, "year": 2012, "Afghanistan": "United Arab Emirates", "AFG": "ARE" }, { "values": -67.8, "year": 2012, "Afghanistan": "United States", "AFG": "USA" }, { "values": 34.05, "year": 2012, "Afghanistan": "Uruguay", "AFG": "URY" }, { "values": 2.44, "year": 2012, "Afghanistan": "Uzbekistan", "AFG": "UZB" }, { "values": 0.06, "year": 2012, "Afghanistan": "Vanuatu", "AFG": "VUT" }, { "values": 0, "year": 2012, "Afghanistan": "Vatican", "AFG": "VAT" }, { "values": 246.14, "year": 2012, "Afghanistan": "Venezuela", "AFG": "VEN" }, { "values": 269.93, "year": 2012, "Afghanistan": "Vietnam", "AFG": "VNM" }, { "values": 3826.31, "year": 2012, "Afghanistan": "West Asia", "AFG": "" }, { "values": 729.81, "year": 2012, "Afghanistan": "Western Africa", "AFG": "" }, { "values": 24.21, "year": 2012, "Afghanistan": "Western Indian Ocean", "AFG": "" }, { "values": 43003.63, "year": 2012, "Afghanistan": "World", "AFG": "OWID_WRL" }, { "values": 112.94, "year": 2012, "Afghanistan": "Yemen", "AFG": "YEM" }, { "values": 8.8, "year": 2012, "Afghanistan": "Zambia", "AFG": "ZMB" }, { "values": 16.2, "year": 2012, "Afghanistan": "Zimbabwe", "AFG": "ZWE" }]